{
"lengthUnit": "mil",
"components": {
	"fields": ["COMPONENT_NO", "COMPONENT_NAME", "LAYER", "X_COORDINATE", "Y_COORDINATE", "ANGLE"],
	"rows": [
		[1, "C1", "T", 1705, -1235, 180],
		[2, "C2", "T", 1710, -1535, 180],
		[3, "C3", "T", 1710, -1845, 180],
		[4, "C4", "T", 1710, -2155, 180],
		[5, "CFG", "T", 1390, -1985, 90],
		[6, "DB1", "T", 2070, -520, 0],
		[7, "DISP", "T", 1700, -760, 270],
		[8, "LED", "T", 3180, -2080, 0],
		[9, "TOP", "T", 1705, -2465, 180],
		[10, "X", "T", 3185, -1730, 180],
		[11, "Y", "T", 3185, -1475, 180],
		[12, "Z", "T", 3185, -1220, 180],
		[13, "PAD1", "T", 3225, -505, 0],
		[14, "PAD1", "B", 3225, -505, 0]
	]
},
"pins": {
	"fields": ["PIN_NO", "PIN_NAME", "PIN_X", "PIN_Y", "LAYER", "PIN_TYPE", "NET_NAME", "NET_TYPE", "PAD_SHAPE", "PAD_SIZEX", "PAD_SIZEY", "HOLE_SIZE", "PAD_ANGLE"],
	"rows": [
		[1, "C1_1", 1755, -1235, "T", "DIP", "C1", "", "R", 66.93, 66.93, 35.43, 180],
		[2, "C1_1", 1755, -1235, "B", "DIP", "C1", "", "R", 66.93, 66.93, 35.43, 180],
		[3, "C1_2", 1655, -1235, "T", "DIP", "GND", "GND", "C", 66.93, 66.93, 35.43, 180],
		[4, "C1_2", 1655, -1235, "B", "DIP", "GND", "GND", "C", 66.93, 66.93, 35.43, 180],
		[5, "C2_1", 1760, -1535, "T", "DIP", "C2", "", "R", 66.93, 66.93, 35.43, 180],
		[6, "C2_1", 1760, -1535, "B", "DIP", "C2", "", "R", 66.93, 66.93, 35.43, 180],
		[7, "C2_2", 1660, -1535, "T", "DIP", "GND", "GND", "C", 66.93, 66.93, 35.43, 180],
		[8, "C2_2", 1660, -1535, "B", "DIP", "GND", "GND", "C", 66.93, 66.93, 35.43, 180],
		[9, "C3_1", 1760, -1845, "T", "DIP", "C3", "", "R", 66.93, 66.93, 35.43, 180],
		[10, "C3_1", 1760, -1845, "B", "DIP", "C3", "", "R", 66.93, 66.93, 35.43, 180],
		[11, "C3_2", 1660, -1845, "T", "DIP", "GND", "GND", "C", 66.93, 66.93, 35.43, 180],
		[12, "C3_2", 1660, -1845, "B", "DIP", "GND", "GND", "C", 66.93, 66.93, 35.43, 180],
		[13, "C4_1", 1760, -2155, "T", "DIP", "C4", "", "R", 66.93, 66.93, 35.43, 180],
		[14, "C4_1", 1760, -2155, "B", "DIP", "C4", "", "R", 66.93, 66.93, 35.43, 180],
		[15, "C4_2", 1660, -2155, "T", "DIP", "GND", "GND", "C", 66.93, 66.93, 35.43, 180],
		[16, "C4_2", 1660, -2155, "B", "DIP", "GND", "GND", "C", 66.93, 66.93, 35.43, 180],
		[17, "CFG_1", 1390, -2035, "T", "DIP", "CFG", "", "R", 66.93, 66.93, 35.43, 90],
		[18, "CFG_1", 1390, -2035, "B", "DIP", "CFG", "", "R", 66.93, 66.93, 35.43, 90],
		[19, "CFG_2", 1390, -1935, "T", "DIP", "GND", "GND", "C", 66.93, 66.93, 35.43, 90],
		[20, "CFG_2", 1390, -1935, "B", "DIP", "GND", "GND", "C", 66.93, 66.93, 35.43, 90],
		[21, "DB1_1", 2070, -520, "T", "DIP", "SDA", "", "R", 60, 60, 36, 270],
		[22, "DB1_1", 2070, -520, "B", "DIP", "SDA", "", "R", 60, 60, 36, 270],
		[23, "DB1_2", 2070, -620, "T", "DIP", "SCL", "", "C", 60, 60, 36, 270],
		[24, "DB1_2", 2070, -620, "B", "DIP", "SCL", "", "C", 60, 60, 36, 270],
		[25, "DB1_3", 2070, -720, "T", "DIP", "GND", "GND", "C", 60, 60, 36, 270],
		[26, "DB1_3", 2070, -720, "B", "DIP", "GND", "GND", "C", 60, 60, 36, 270],
		[27, "DB1_4", 2070, -820, "T", "DIP", "DB1_4", "", "C", 60, 60, 36, 270],
		[28, "DB1_4", 2070, -820, "B", "DIP", "DB1_4", "", "C", 60, 60, 36, 270],
		[29, "DB1_5", 2070, -920, "T", "DIP", "DB1_5", "", "C", 60, 60, 36, 270],
		[30, "DB1_5", 2070, -920, "B", "DIP", "DB1_5", "", "C", 60, 60, 36, 270],
		[31, "DB1_6", 2070, -1020, "T", "DIP", "DB1_6", "", "C", 60, 60, 36, 270],
		[32, "DB1_6", 2070, -1020, "B", "DIP", "DB1_6", "", "C", 60, 60, 36, 270],
		[33, "DB1_7", 2070, -1120, "T", "DIP", "DB1_7", "", "C", 60, 60, 36, 270],
		[34, "DB1_7", 2070, -1120, "B", "DIP", "DB1_7", "", "C", 60, 60, 36, 270],
		[35, "DB1_8", 2070, -1220, "T", "DIP", "GND", "GND", "C", 60, 60, 36, 270],
		[36, "DB1_8", 2070, -1220, "B", "DIP", "GND", "GND", "C", 60, 60, 36, 270],
		[37, "DB1_9", 2070, -1320, "T", "DIP", "C1", "", "C", 60, 60, 36, 270],
		[38, "DB1_9", 2070, -1320, "B", "DIP", "C1", "", "C", 60, 60, 36, 270],
		[39, "DB1_10", 2070, -1420, "T", "DIP", "C2", "", "C", 60, 60, 36, 270],
		[40, "DB1_10", 2070, -1420, "B", "DIP", "C2", "", "C", 60, 60, 36, 270],
		[41, "DB1_11", 2070, -1520, "T", "DIP", "C3", "", "C", 60, 60, 36, 270],
		[42, "DB1_11", 2070, -1520, "B", "DIP", "C3", "", "C", 60, 60, 36, 270],
		[43, "DB1_12", 2070, -1620, "T", "DIP", "C4", "", "C", 60, 60, 36, 270],
		[44, "DB1_12", 2070, -1620, "B", "DIP", "C4", "", "C", 60, 60, 36, 270],
		[45, "DB1_13", 2070, -1720, "T", "DIP", "GND", "GND", "C", 60, 60, 36, 270],
		[46, "DB1_13", 2070, -1720, "B", "DIP", "GND", "GND", "C", 60, 60, 36, 270],
		[47, "DB1_14", 2070, -1820, "T", "DIP", "TOP", "", "C", 60, 60, 36, 270],
		[48, "DB1_14", 2070, -1820, "B", "DIP", "TOP", "", "C", 60, 60, 36, 270],
		[49, "DB1_15", 2070, -1920, "T", "DIP", "DB1_15", "", "C", 60, 60, 36, 270],
		[50, "DB1_15", 2070, -1920, "B", "DIP", "DB1_15", "", "C", 60, 60, 36, 270],
		[51, "DB1_16", 2070, -2020, "T", "DIP", "DB1_16", "", "C", 60, 60, 36, 270],
		[52, "DB1_16", 2070, -2020, "B", "DIP", "DB1_16", "", "C", 60, 60, 36, 270],
		[53, "DB1_17", 2070, -2120, "T", "DIP", "DB1_17", "", "C", 60, 60, 36, 270],
		[54, "DB1_17", 2070, -2120, "B", "DIP", "DB1_17", "", "C", 60, 60, 36, 270],
		[55, "DB1_18", 2070, -2220, "T", "DIP", "GND", "GND", "C", 60, 60, 36, 270],
		[56, "DB1_18", 2070, -2220, "B", "DIP", "GND", "GND", "C", 60, 60, 36, 270],
		[57, "DB1_19", 2070, -2320, "T", "DIP", "DB1_19", "", "C", 60, 60, 36, 270],
		[58, "DB1_19", 2070, -2320, "B", "DIP", "DB1_19", "", "C", 60, 60, 36, 270],
		[59, "DB1_20", 2070, -2420, "T", "DIP", "LED", "", "C", 60, 60, 36, 270],
		[60, "DB1_20", 2070, -2420, "B", "DIP", "LED", "", "C", 60, 60, 36, 270],
		[61, "DB1_21", 2770, -2420, "T", "DIP", "DB1_21", "", "C", 60, 60, 36, 90],
		[62, "DB1_21", 2770, -2420, "B", "DIP", "DB1_21", "", "C", 60, 60, 36, 90],
		[63, "DB1_22", 2770, -2320, "T", "DIP", "CFG", "", "C", 60, 60, 36, 90],
		[64, "DB1_22", 2770, -2320, "B", "DIP", "CFG", "", "C", 60, 60, 36, 90],
		[65, "DB1_23", 2770, -2220, "T", "DIP", "GND", "GND", "C", 60, 60, 36, 90],
		[66, "DB1_23", 2770, -2220, "B", "DIP", "GND", "GND", "C", 60, 60, 36, 90],
		[67, "DB1_24", 2770, -2120, "T", "DIP", "DB1_24", "", "C", 60, 60, 36, 90],
		[68, "DB1_24", 2770, -2120, "B", "DIP", "DB1_24", "", "C", 60, 60, 36, 90],
		[69, "DB1_25", 2770, -2020, "T", "DIP", "DB1_25", "", "C", 60, 60, 36, 90],
		[70, "DB1_25", 2770, -2020, "B", "DIP", "DB1_25", "", "C", 60, 60, 36, 90],
		[71, "DB1_26", 2770, -1920, "T", "DIP", "DB1_26", "", "C", 60, 60, 36, 90],
		[72, "DB1_26", 2770, -1920, "B", "DIP", "DB1_26", "", "C", 60, 60, 36, 90],
		[73, "DB1_27", 2770, -1820, "T", "DIP", "DB1_27", "", "C", 60, 60, 36, 90],
		[74, "DB1_27", 2770, -1820, "B", "DIP", "DB1_27", "", "C", 60, 60, 36, 90],
		[75, "DB1_28", 2770, -1720, "T", "DIP", "GND", "GND", "C", 60, 60, 36, 90],
		[76, "DB1_28", 2770, -1720, "B", "DIP", "GND", "GND", "C", 60, 60, 36, 90],
		[77, "DB1_29", 2770, -1620, "T", "DIP", "DB1_29", "", "C", 60, 60, 36, 90],
		[78, "DB1_29", 2770, -1620, "B", "DIP", "DB1_29", "", "C", 60, 60, 36, 90],
		[79, "DB1_30", 2770, -1520, "T", "DIP", "DB1_30", "", "C", 60, 60, 36, 90],
		[80, "DB1_30", 2770, -1520, "B", "DIP", "DB1_30", "", "C", 60, 60, 36, 90],
		[81, "DB1_31", 2770, -1420, "T", "DIP", "X", "", "C", 60, 60, 36, 90],
		[82, "DB1_31", 2770, -1420, "B", "DIP", "X", "", "C", 60, 60, 36, 90],
		[83, "DB1_32", 2770, -1320, "T", "DIP", "Y", "", "C", 60, 60, 36, 90],
		[84, "DB1_32", 2770, -1320, "B", "DIP", "Y", "", "C", 60, 60, 36, 90],
		[85, "DB1_33", 2770, -1220, "T", "DIP", "AGND", "", "C", 60, 60, 36, 90],
		[86, "DB1_33", 2770, -1220, "B", "DIP", "AGND", "", "C", 60, 60, 36, 90],
		[87, "DB1_34", 2770, -1120, "T", "DIP", "Z", "", "C", 60, 60, 36, 90],
		[88, "DB1_34", 2770, -1120, "B", "DIP", "Z", "", "C", 60, 60, 36, 90],
		[89, "DB1_35", 2770, -1020, "T", "DIP", "DB1_35", "", "C", 60, 60, 36, 90],
		[90, "DB1_35", 2770, -1020, "B", "DIP", "DB1_35", "", "C", 60, 60, 36, 90],
		[91, "DB1_36", 2770, -920, "T", "DIP", "VCC", "", "C", 60, 60, 36, 90],
		[92, "DB1_36", 2770, -920, "B", "DIP", "VCC", "", "C", 60, 60, 36, 90],
		[93, "DB1_37", 2770, -820, "T", "DIP", "DB1_37", "", "C", 60, 60, 36, 90],
		[94, "DB1_37", 2770, -820, "B", "DIP", "DB1_37", "", "C", 60, 60, 36, 90],
		[95, "DB1_38", 2770, -720, "T", "DIP", "GND", "GND", "C", 60, 60, 36, 90],
		[96, "DB1_38", 2770, -720, "B", "DIP", "GND", "GND", "C", 60, 60, 36, 90],
		[97, "DB1_39", 2770, -620, "T", "DIP", "DB1_39", "", "C", 60, 60, 36, 90],
		[98, "DB1_39", 2770, -620, "B", "DIP", "DB1_39", "", "C", 60, 60, 36, 90],
		[99, "DB1_40", 2770, -520, "T", "DIP", "+5V", "", "C", 60, 60, 36, 90],
		[100, "DB1_40", 2770, -520, "B", "DIP", "+5V", "", "C", 60, 60, 36, 90],
		[101, "DISP_1", 1700, -612.36, "T", "DIP", "VCC", "", "R", 60, 62.99, 43.31, 270],
		[102, "DISP_1", 1700, -612.36, "B", "DIP", "VCC", "", "R", 60, 62.99, 43.31, 270],
		[103, "DISP_2", 1700, -710.79, "T", "DIP", "SDA", "", "C", 62.99, 62.99, 43.31, 270],
		[104, "DISP_2", 1700, -710.79, "B", "DIP", "SDA", "", "C", 62.99, 62.99, 43.31, 270],
		[105, "DISP_3", 1700, -809.21, "T", "DIP", "SCL", "", "C", 62.99, 62.99, 43.31, 270],
		[106, "DISP_3", 1700, -809.21, "B", "DIP", "SCL", "", "C", 62.99, 62.99, 43.31, 270],
		[107, "DISP_4", 1700, -907.64, "T", "DIP", "GND", "GND", "C", 62.99, 62.99, 43.31, 270],
		[108, "DISP_4", 1700, -907.64, "B", "DIP", "GND", "GND", "C", 62.99, 62.99, 43.31, 270],
		[109, "LED_1", 3080, -2079.99, "T", "DIP", "+5V", "", "R", 62.99, 62.99, 39.37, 0],
		[110, "LED_1", 3080, -2079.99, "B", "DIP", "+5V", "", "R", 62.99, 62.99, 39.37, 0],
		[111, "LED_2", 3180, -2080.01, "T", "DIP", "LED", "", "C", 62.99, 62.99, 39.37, 0],
		[112, "LED_2", 3180, -2080.01, "B", "DIP", "LED", "", "C", 62.99, 62.99, 39.37, 0],
		[113, "LED_3", 3280, -2080.01, "T", "DIP", "GND", "GND", "C", 62.99, 62.99, 39.37, 0],
		[114, "LED_3", 3280, -2080.01, "B", "DIP", "GND", "GND", "C", 62.99, 62.99, 39.37, 0],
		[115, "TOP_1", 1755, -2465, "T", "DIP", "TOP", "", "R", 66.93, 66.93, 35.43, 180],
		[116, "TOP_1", 1755, -2465, "B", "DIP", "TOP", "", "R", 66.93, 66.93, 35.43, 180],
		[117, "TOP_2", 1655, -2465, "T", "DIP", "GND", "GND", "C", 66.93, 66.93, 35.43, 180],
		[118, "TOP_2", 1655, -2465, "B", "DIP", "GND", "GND", "C", 66.93, 66.93, 35.43, 180],
		[119, "X_1", 3285, -1730, "T", "DIP", "VCC", "", "R", 62.99, 62.99, 39.37, 180],
		[120, "X_1", 3285, -1730, "B", "DIP", "VCC", "", "R", 62.99, 62.99, 39.37, 180],
		[121, "X_2", 3185, -1730, "T", "DIP", "X", "", "C", 62.99, 62.99, 39.37, 180],
		[122, "X_2", 3185, -1730, "B", "DIP", "X", "", "C", 62.99, 62.99, 39.37, 180],
		[123, "X_3", 3085, -1730, "T", "DIP", "AGND", "", "C", 62.99, 62.99, 39.37, 180],
		[124, "X_3", 3085, -1730, "B", "DIP", "AGND", "", "C", 62.99, 62.99, 39.37, 180],
		[125, "Y_1", 3285, -1475, "T", "DIP", "VCC", "", "R", 62.99, 62.99, 39.37, 180],
		[126, "Y_1", 3285, -1475, "B", "DIP", "VCC", "", "R", 62.99, 62.99, 39.37, 180],
		[127, "Y_2", 3185, -1475, "T", "DIP", "Y", "", "C", 62.99, 62.99, 39.37, 180],
		[128, "Y_2", 3185, -1475, "B", "DIP", "Y", "", "C", 62.99, 62.99, 39.37, 180],
		[129, "Y_3", 3085, -1475, "T", "DIP", "AGND", "", "C", 62.99, 62.99, 39.37, 180],
		[130, "Y_3", 3085, -1475, "B", "DIP", "AGND", "", "C", 62.99, 62.99, 39.37, 180],
		[131, "Z_1", 3285, -1220.01, "T", "DIP", "VCC", "", "R", 62.99, 62.99, 39.37, 180],
		[132, "Z_1", 3285, -1220.01, "B", "DIP", "VCC", "", "R", 62.99, 62.99, 39.37, 180],
		[133, "Z_2", 3185, -1219.99, "T", "DIP", "Z", "", "C", 62.99, 62.99, 39.37, 180],
		[134, "Z_2", 3185, -1219.99, "B", "DIP", "Z", "", "C", 62.99, 62.99, 39.37, 180],
		[135, "Z_3", 3085, -1219.99, "T", "DIP", "AGND", "", "C", 62.99, 62.99, 39.37, 180],
		[136, "Z_3", 3085, -1219.99, "B", "DIP", "AGND", "", "C", 62.99, 62.99, 39.37, 180],
		[137, "PAD1_1", 3225, -505, "T", "DIP", "GND", "GND", "C", 196.85, 196.85, 137.8, 0],
		[138, "PAD1_1", 3225, -505, "B", "DIP", "GND", "GND", "C", 196.85, 196.85, 137.8, 0]
	]
}
}