{
"lengthUnit": "mil",
"components": {
	"fields": ["COMPONENT_NO", "COMPONENT_NAME", "LAYER", "X_COORDINATE", "Y_COORDINATE", "ANGLE"],
	"rows": [
		[1, "C1", "B", 935, 360, 180],
		[2, "C2", "B", 1405, 360, 180],
		[3, "C3", "B", 1895, 360, 180],
		[4, "C4", "B", 2365, 360, 180],
		[5, "LC1", "T", 430, 555, 180],
		[6, "LC2", "T", 1245, 555, 180],
		[7, "LC3", "T", 2055, 555, 180],
		[8, "LC4", "T", 2870, 555, 180],
		[9, "LED1", "B", 2800, 330, 180],
		[10, "U2", "B", 406.11, 927.05, 0],
		[11, "U2", "B", 1221.11, 927.05, 0],
		[12, "U2", "B", 2031.11, 927.05, 0],
		[13, "U2N1", "B", 2846.11, 927.05, 0],
		[14, "PAD1", "T", 232.09, 777.05, 0],
		[15, "PAD1", "B", 232.09, 777.05, 0],
		[16, "PAD2", "T", 632.09, 777.05, 0],
		[17, "PAD2", "B", 632.09, 777.05, 0],
		[18, "PAD3", "T", 1047.09, 777.05, 0],
		[19, "PAD3", "B", 1047.09, 777.05, 0],
		[20, "PAD4", "T", 1447.09, 777.05, 0],
		[21, "PAD4", "B", 1447.09, 777.05, 0],
		[22, "PAD5", "T", 1857.09, 777.05, 0],
		[23, "PAD5", "B", 1857.09, 777.05, 0],
		[24, "PAD6", "T", 2672.09, 777.05, 0],
		[25, "PAD6", "B", 2672.09, 777.05, 0],
		[26, "PAD7", "T", 3072.09, 777.05, 0],
		[27, "PAD7", "B", 3072.09, 777.05, 0]
	]
},
"pins": {
	"fields": ["PIN_NO", "PIN_NAME", "PIN_X", "PIN_Y", "LAYER", "PIN_TYPE", "NET_NAME", "NET_TYPE", "PAD_SHAPE", "PAD_SIZEX", "PAD_SIZEY", "HOLE_SIZE", "PAD_ANGLE"],
	"rows": [
		[1, "C1_1", 985, 360, "T", "DIP", "C1", "", "R", 66.93, 66.93, 35.43, 180],
		[2, "C1_1", 985, 360, "B", "DIP", "C1", "", "R", 66.93, 66.93, 35.43, 180],
		[3, "C1_2", 885, 360, "T", "DIP", "GND", "GND", "C", 66.93, 66.93, 35.43, 180],
		[4, "C1_2", 885, 360, "B", "DIP", "GND", "GND", "C", 66.93, 66.93, 35.43, 180],
		[5, "C2_1", 1455, 360, "T", "DIP", "C2", "", "R", 66.93, 66.93, 35.43, 180],
		[6, "C2_1", 1455, 360, "B", "DIP", "C2", "", "R", 66.93, 66.93, 35.43, 180],
		[7, "C2_2", 1355, 360, "T", "DIP", "GND", "GND", "C", 66.93, 66.93, 35.43, 180],
		[8, "C2_2", 1355, 360, "B", "DIP", "GND", "GND", "C", 66.93, 66.93, 35.43, 180],
		[9, "C3_1", 1945, 360, "T", "DIP", "C3", "", "R", 66.93, 66.93, 35.43, 180],
		[10, "C3_1", 1945, 360, "B", "DIP", "C3", "", "R", 66.93, 66.93, 35.43, 180],
		[11, "C3_2", 1845, 360, "T", "DIP", "GND", "GND", "C", 66.93, 66.93, 35.43, 180],
		[12, "C3_2", 1845, 360, "B", "DIP", "GND", "GND", "C", 66.93, 66.93, 35.43, 180],
		[13, "C4_1", 2415, 360, "T", "DIP", "C4", "", "R", 66.93, 66.93, 35.43, 180],
		[14, "C4_1", 2415, 360, "B", "DIP", "C4", "", "R", 66.93, 66.93, 35.43, 180],
		[15, "C4_2", 2315, 360, "T", "DIP", "GND", "GND", "C", 66.93, 66.93, 35.43, 180],
		[16, "C4_2", 2315, 360, "B", "DIP", "GND", "GND", "C", 66.93, 66.93, 35.43, 180],
		[17, "LC1_1", 526.45, 490.04, "T", "SMD", "+5V", "", "R", 59.05, 39.37, 0, 0],
		[18, "LC1_2", 526.45, 619.96, "T", "SMD", "$1N2840", "", "R", 59.05, 39.37, 0, 0],
		[19, "LC1_3", 333.55, 619.96, "T", "SMD", "GND", "GND", "R", 59.05, 39.37, 0, 0],
		[20, "LC1_4", 333.55, 490.04, "T", "SMD", "LED", "", "R", 59.05, 39.37, 0, 0],
		[21, "LC2_1", 1341.45, 490.04, "T", "SMD", "+5V", "", "R", 59.05, 39.37, 0, 0],
		[22, "LC2_2", 1341.45, 619.96, "T", "SMD", "$1N2848", "", "R", 59.05, 39.37, 0, 0],
		[23, "LC2_3", 1148.55, 619.96, "T", "SMD", "GND", "GND", "R", 59.05, 39.37, 0, 0],
		[24, "LC2_4", 1148.55, 490.04, "T", "SMD", "$1N2840", "", "R", 59.05, 39.37, 0, 0],
		[25, "LC3_1", 2151.45, 490.04, "T", "SMD", "+5V", "", "R", 59.05, 39.37, 0, 0],
		[26, "LC3_2", 2151.45, 619.96, "T", "SMD", "$1N2856", "", "R", 59.05, 39.37, 0, 0],
		[27, "LC3_3", 1958.55, 619.96, "T", "SMD", "GND", "GND", "R", 59.05, 39.37, 0, 0],
		[28, "LC3_4", 1958.55, 490.04, "T", "SMD", "$1N2848", "", "R", 59.05, 39.37, 0, 0],
		[29, "LC4_1", 2966.46, 490.04, "T", "SMD", "+5V", "", "R", 59.05, 39.37, 0, 0],
		[30, "LC4_2", 2966.46, 619.96, "T", "SMD", "LC4_2", "", "R", 59.05, 39.37, 0, 0],
		[31, "LC4_3", 2773.54, 619.96, "T", "SMD", "GND", "GND", "R", 59.05, 39.37, 0, 0],
		[32, "LC4_4", 2773.54, 490.04, "T", "SMD", "$1N2856", "", "R", 59.05, 39.37, 0, 0],
		[33, "LED1_1", 2900, 330, "T", "DIP", "+5V", "", "R", 62.99, 62.99, 39.37, 180],
		[34, "LED1_1", 2900, 330, "B", "DIP", "+5V", "", "R", 62.99, 62.99, 39.37, 180],
		[35, "LED1_2", 2800, 330, "T", "DIP", "LED", "", "C", 62.99, 62.99, 39.37, 180],
		[36, "LED1_2", 2800, 330, "B", "DIP", "LED", "", "C", 62.99, 62.99, 39.37, 180],
		[37, "LED1_3", 2700, 330, "T", "DIP", "GND", "GND", "C", 62.99, 62.99, 39.37, 180],
		[38, "LED1_3", 2700, 330, "B", "DIP", "GND", "GND", "C", 62.99, 62.99, 39.37, 180],
		[39, "U2_1", 141.34, 877.05, "B", "SMD", "C1", "", "R", 98.42, 100.39, 0, 0],
		[40, "U2_2", 670.87, 977.05, "B", "SMD", "GND", "GND", "R", 98.42, 100.39, 0, 0],
		[41, "U2_1", 956.34, 877.05, "B", "SMD", "C2", "", "R", 98.42, 100.39, 0, 0],
		[42, "U2_2", 1485.87, 977.05, "B", "SMD", "GND", "GND", "R", 98.42, 100.39, 0, 0],
		[43, "U2_1", 1766.34, 877.05, "B", "SMD", "C3", "", "R", 98.42, 100.39, 0, 0],
		[44, "U2_2", 2295.87, 977.05, "B", "SMD", "GND", "GND", "R", 98.42, 100.39, 0, 0],
		[45, "U2N1_1", 2581.34, 877.05, "B", "SMD", "C4", "", "R", 98.42, 100.39, 0, 0],
		[46, "U2N1_2", 3110.87, 977.05, "B", "SMD", "GND", "GND", "R", 98.42, 100.39, 0, 0],
		[47, "PAD1_5", 232.09, 777.05, "T", "DIP", "GND", "GND", "C", 68.9, 68.9, 68.9, 180],
		[48, "PAD1_5", 232.09, 777.05, "B", "DIP", "GND", "GND", "C", 68.9, 68.9, 68.9, 180],
		[49, "PAD2_5", 632.09, 777.05, "T", "DIP", "GND", "GND", "C", 68.9, 68.9, 68.9, 180],
		[50, "PAD2_5", 632.09, 777.05, "B", "DIP", "GND", "GND", "C", 68.9, 68.9, 68.9, 180],
		[51, "PAD3_5", 1047.09, 777.05, "T", "DIP", "GND", "GND", "C", 68.9, 68.9, 68.9, 180],
		[52, "PAD3_5", 1047.09, 777.05, "B", "DIP", "GND", "GND", "C", 68.9, 68.9, 68.9, 180],
		[53, "PAD4_5", 1447.09, 777.05, "T", "DIP", "GND", "GND", "C", 68.9, 68.9, 68.9, 180],
		[54, "PAD4_5", 1447.09, 777.05, "B", "DIP", "GND", "GND", "C", 68.9, 68.9, 68.9, 180],
		[55, "PAD5_5", 1857.09, 777.05, "T", "DIP", "GND", "GND", "C", 68.9, 68.9, 68.9, 180],
		[56, "PAD5_5", 1857.09, 777.05, "B", "DIP", "GND", "GND", "C", 68.9, 68.9, 68.9, 180],
		[57, "PAD6_5", 2672.09, 777.05, "T", "DIP", "GND", "GND", "C", 68.9, 68.9, 68.9, 180],
		[58, "PAD6_5", 2672.09, 777.05, "B", "DIP", "GND", "GND", "C", 68.9, 68.9, 68.9, 180],
		[59, "PAD7_5", 3072.09, 777.05, "T", "DIP", "GND", "GND", "C", 68.9, 68.9, 68.9, 180],
		[60, "PAD7_5", 3072.09, 777.05, "B", "DIP", "GND", "GND", "C", 68.9, 68.9, 68.9, 180]
	]
}
}