{
"lengthUnit": "mil",
"components": {
	"fields": ["COMPONENT_NO", "COMPONENT_NAME", "LAYER", "X_COORDINATE", "Y_COORDINATE", "ANGLE"],
	"rows": [
		[1, "BC1", "T", 410, 930, 0],
		[2, "BC2", "T", 1225, 935, 0],
		[3, "BC3", "T", 2035, 935, 0],
		[4, "BC4", "T", 2850, 930, 0],
		[5, "C1", "B", 935, 360, 180],
		[6, "C2", "B", 1405, 360, 180],
		[7, "C3", "B", 1895, 360, 180],
		[8, "C4", "B", 2365, 360, 180],
		[9, "LC1", "T", 430, 550, 180],
		[10, "LC2", "T", 1245, 550, 180],
		[11, "LC3", "T", 2055, 550, 180],
		[12, "LC4", "T", 2870, 550, 180],
		[13, "LED1", "B", 2800, 330, 180]
	]
},
"pins": {
	"fields": ["PIN_NO", "PIN_NAME", "PIN_X", "PIN_Y", "LAYER", "PIN_TYPE", "NET_NAME", "NET_TYPE", "PAD_SHAPE", "PAD_SIZEX", "PAD_SIZEY", "HOLE_SIZE", "PAD_ANGLE"],
	"rows": [
		[1, "BC1_1", 285, 880, "T", "DIP", "GND", "GND", "C", 86.61, 86.61, 59.06, 0],
		[2, "BC1_1", 285, 880, "B", "DIP", "GND", "GND", "C", 86.61, 86.61, 59.06, 0],
		[3, "BC1_2", 535, 980, "T", "DIP", "C1", "", "C", 86.61, 86.61, 59.06, 0],
		[4, "BC1_2", 535, 980, "B", "DIP", "C1", "", "C", 86.61, 86.61, 59.06, 0],
		[5, "BC2_1", 1100, 885, "T", "DIP", "GND", "GND", "C", 86.61, 86.61, 59.06, 0],
		[6, "BC2_1", 1100, 885, "B", "DIP", "GND", "GND", "C", 86.61, 86.61, 59.06, 0],
		[7, "BC2_2", 1350, 985, "T", "DIP", "C2", "", "C", 86.61, 86.61, 59.06, 0],
		[8, "BC2_2", 1350, 985, "B", "DIP", "C2", "", "C", 86.61, 86.61, 59.06, 0],
		[9, "BC3_1", 1910, 885, "T", "DIP", "GND", "GND", "C", 86.61, 86.61, 59.06, 0],
		[10, "BC3_1", 1910, 885, "B", "DIP", "GND", "GND", "C", 86.61, 86.61, 59.06, 0],
		[11, "BC3_2", 2160, 985, "T", "DIP", "C3", "", "C", 86.61, 86.61, 59.06, 0],
		[12, "BC3_2", 2160, 985, "B", "DIP", "C3", "", "C", 86.61, 86.61, 59.06, 0],
		[13, "BC4_1", 2725, 880, "T", "DIP", "GND", "GND", "C", 86.61, 86.61, 59.06, 0],
		[14, "BC4_1", 2725, 880, "B", "DIP", "GND", "GND", "C", 86.61, 86.61, 59.06, 0],
		[15, "BC4_2", 2975, 980, "T", "DIP", "C4", "", "C", 86.61, 86.61, 59.06, 0],
		[16, "BC4_2", 2975, 980, "B", "DIP", "C4", "", "C", 86.61, 86.61, 59.06, 0],
		[17, "C1_1", 985, 360, "T", "DIP", "C1", "", "R", 66.93, 66.93, 35.43, 180],
		[18, "C1_1", 985, 360, "B", "DIP", "C1", "", "R", 66.93, 66.93, 35.43, 180],
		[19, "C1_2", 885, 360, "T", "DIP", "GND", "GND", "C", 66.93, 66.93, 35.43, 180],
		[20, "C1_2", 885, 360, "B", "DIP", "GND", "GND", "C", 66.93, 66.93, 35.43, 180],
		[21, "C2_1", 1455, 360, "T", "DIP", "C2", "", "R", 66.93, 66.93, 35.43, 180],
		[22, "C2_1", 1455, 360, "B", "DIP", "C2", "", "R", 66.93, 66.93, 35.43, 180],
		[23, "C2_2", 1355, 360, "T", "DIP", "GND", "GND", "C", 66.93, 66.93, 35.43, 180],
		[24, "C2_2", 1355, 360, "B", "DIP", "GND", "GND", "C", 66.93, 66.93, 35.43, 180],
		[25, "C3_1", 1945, 360, "T", "DIP", "C3", "", "R", 66.93, 66.93, 35.43, 180],
		[26, "C3_1", 1945, 360, "B", "DIP", "C3", "", "R", 66.93, 66.93, 35.43, 180],
		[27, "C3_2", 1845, 360, "T", "DIP", "GND", "GND", "C", 66.93, 66.93, 35.43, 180],
		[28, "C3_2", 1845, 360, "B", "DIP", "GND", "GND", "C", 66.93, 66.93, 35.43, 180],
		[29, "C4_1", 2415, 360, "T", "DIP", "C4", "", "R", 66.93, 66.93, 35.43, 180],
		[30, "C4_1", 2415, 360, "B", "DIP", "C4", "", "R", 66.93, 66.93, 35.43, 180],
		[31, "C4_2", 2315, 360, "T", "DIP", "GND", "GND", "C", 66.93, 66.93, 35.43, 180],
		[32, "C4_2", 2315, 360, "B", "DIP", "GND", "GND", "C", 66.93, 66.93, 35.43, 180],
		[33, "LC1_1", 526.45, 485.04, "T", "SMD", "+5V", "", "R", 59.05, 39.37, 0, 0],
		[34, "LC1_2", 526.45, 614.96, "T", "SMD", "$1N2840", "", "R", 59.05, 39.37, 0, 0],
		[35, "LC1_3", 333.55, 614.96, "T", "SMD", "GND", "GND", "R", 59.05, 39.37, 0, 0],
		[36, "LC1_4", 333.55, 485.04, "T", "SMD", "LED", "", "R", 59.05, 39.37, 0, 0],
		[37, "LC2_1", 1341.45, 485.04, "T", "SMD", "+5V", "", "R", 59.05, 39.37, 0, 0],
		[38, "LC2_2", 1341.45, 614.96, "T", "SMD", "$1N2848", "", "R", 59.05, 39.37, 0, 0],
		[39, "LC2_3", 1148.54, 614.96, "T", "SMD", "GND", "GND", "R", 59.05, 39.37, 0, 0],
		[40, "LC2_4", 1148.55, 485.04, "T", "SMD", "$1N2840", "", "R", 59.05, 39.37, 0, 0],
		[41, "LC3_1", 2151.45, 485.04, "T", "SMD", "+5V", "", "R", 59.05, 39.37, 0, 0],
		[42, "LC3_2", 2151.45, 614.96, "T", "SMD", "$1N2856", "", "R", 59.05, 39.37, 0, 0],
		[43, "LC3_3", 1958.55, 614.96, "T", "SMD", "GND", "GND", "R", 59.05, 39.37, 0, 0],
		[44, "LC3_4", 1958.55, 485.04, "T", "SMD", "$1N2848", "", "R", 59.05, 39.37, 0, 0],
		[45, "LC4_1", 2966.46, 485.04, "T", "SMD", "+5V", "", "R", 59.05, 39.37, 0, 0],
		[46, "LC4_2", 2966.46, 614.96, "T", "SMD", "LC4_2", "", "R", 59.05, 39.37, 0, 0],
		[47, "LC4_3", 2773.54, 614.96, "T", "SMD", "GND", "GND", "R", 59.05, 39.37, 0, 0],
		[48, "LC4_4", 2773.54, 485.04, "T", "SMD", "$1N2856", "", "R", 59.05, 39.37, 0, 0],
		[49, "LED1_1", 2900, 330, "T", "DIP", "+5V", "", "R", 62.99, 62.99, 39.37, 180],
		[50, "LED1_1", 2900, 330, "B", "DIP", "+5V", "", "R", 62.99, 62.99, 39.37, 180],
		[51, "LED1_2", 2800, 330, "T", "DIP", "LED", "", "C", 62.99, 62.99, 39.37, 180],
		[52, "LED1_2", 2800, 330, "B", "DIP", "LED", "", "C", 62.99, 62.99, 39.37, 180],
		[53, "LED1_3", 2700, 330, "T", "DIP", "GND", "GND", "C", 62.99, 62.99, 39.37, 180],
		[54, "LED1_3", 2700, 330, "B", "DIP", "GND", "GND", "C", 62.99, 62.99, 39.37, 180]
	]
}
}